{
"s_moments_len": 11, 
"JPMC_search_SE_FL": [
"--", 
"--", 
"--", 
"--", 
"--", 
1.0, 
1.0, 
1.0, 
1.0, 
1.0, 
1.0, 
1.0, 
1.0, 
1.0, 
1.0, 
1.0
], 
"JPMC_search_moments_FL": [
"--", 
"--", 
"--", 
"--", 
"--", 
0.3028, 
0.244, 
0.2972, 
0.3637, 
0.336, 
0.2377, 
0.4462, 
0.0343, 
0.389, 
0.1005, 
0.5973
], 
"JPMC_search_moments": [
"--", 
"--", 
"--", 
"--", 
"--", 
0.193, 
0.23, 
0.212, 
0.183, 
0.188, 
0.259, 
0.24, 
0.22, 
0.148, 
0.142, 
0.067
], 
"JPMC_cons_SE": [
0.00142, 
0.00142, 
0.001376, 
0.001345, 
0.001346, 
0.001441, 
0.001748, 
0.00217, 
0.002832, 
0.00444, 
0.005631, 
0.006254, 
0.006789, 
0.007292, 
0.007853, 
0.008398
], 
"moments_len_diff": 5, 
"c_moments_len": 16, 
"JPMC_cons_moments": [
1.0, 
1.007, 
1.009, 
0.997, 
0.939, 
0.928, 
0.933, 
0.918, 
0.909, 
0.901, 
0.895, 
0.777, 
0.783, 
0.77, 
0.755, 
0.744
], 
"JPMC_cons_moments_ui": [
0.997, 
0.939, 
0.928, 
0.933, 
0.918, 
0.909, 
0.901, 
0.895, 
0.777
], 
"JPMC_search_SE": [
0.00294, 
0.00483, 
0.00613, 
0.008, 
0.01025, 
0.01256, 
0.0164, 
0.02236, 
0.02913, 
0.03493, 
0.03742
], 
"JPMC_cons_SE_FL": [
0.006, 
0.006, 
0.005, 
0.005, 
0.005, 
0.006, 
0.006, 
0.008, 
0.009, 
0.01, 
0.01, 
0.011, 
0.011, 
0.012, 
0.013, 
0.013
], 
"JPMC_cons_moments_FL": [
1.0, 
1.009, 
1.003, 
0.984, 
0.895, 
0.858, 
0.862, 
0.847, 
0.835, 
0.748, 
0.728, 
0.73, 
0.732, 
0.73, 
0.72, 
0.715
]
}