{
"est_params_1b1k_fix_gamma_1": {
"beta_var": 0.994079262795334, 
"rho": 0.9999
}, 
"est_params_1b2k_fix_gamma_1": {
"beta_var": 0.993654293016083, 
"rho": 0.9999
}, 
"est_params_1b2k_fix_gamma_10": {
"beta_var": 0.9537159178705763, 
"rho": 10.0
}, 
"est_params_1b2k_fix_gamma_4": {
"beta_var": 0.9817918056325464, 
"rho": 4.0
}, 
"est_params_1b1k_fix_gamma_4": {
"beta_var": 0.9838638519281112, 
"rho": 4.0
}, 
"est_params_1b1k_fix_gamma_10": {
"beta_var": 0.9619746973178875, 
"rho": 10.0
}
}