{
"est_params_1b2k": {
"init_beta_hyp": 1.0, 
"w_lo_k": 0.6731798511021848, 
"phi": 1.447434493220083, 
"init_k0": 9.0, 
"term_stat": "CONVERGENCE: REL_REDUCTION_OF_F_<=_FACTR*EPSMCH", 
"num_iters": 2, 
"init_w_lo_k": 0.675, 
"init_L_": 4.5, 
"GOF": 430.814965216458, 
"init_k1": 129.5, 
"opt_type": "1b2k", 
"k1": 129.50042695457782, 
"k0": 9.01957126432952, 
"beta_hyp": 1.0, 
"init_opt_type": "1b2k", 
"init_phi": 1.45, 
"GOF_search": 81.23944106088987, 
"L_": 4.487848419355983, 
"GOF_cons": 349.57552415556813, 
"beta_var": 0.989756126533513, 
"init_beta_var": 0.99
}, 
"est_params_2b2k_fix_xi": {
"w_lo_k": 0.6496978744808157, 
"phi": 1.0, 
"init_b0": 0.45, 
"init_b1": 1.0, 
"GOF": 194.1808587859334, 
"init_opt_type": "2b2k_fix_xi", 
"init_k0": 3.4, 
"b0": 0.45025600580163555, 
"opt_type": "2b2k_fix_xi", 
"init_phi": 1.0, 
"init_beta_var": 0.99, 
"init_w_lo_beta": 0.19, 
"GOF_cons": 117.16845120801841, 
"init_w_lo_k": 0.65, 
"init_k1": 33.5, 
"w_lo_beta": 0.19037871470567966, 
"num_iters": 2, 
"init_L_": 7.3, 
"k1": 33.50038012581068, 
"k0": 3.398863890349866, 
"term_stat": "CONVERGENCE: REL_REDUCTION_OF_F_<=_FACTR*EPSMCH", 
"GOF_search": 77.01240757791498, 
"L_": 7.297986380962978, 
"beta_var": 0.9898660592752576, 
"b1": 1.0
}, 
"est_params_2b2k": {
"w_lo_k": 0.7877347579852689, 
"phi": 1.0963963508897896, 
"init_b0": 0.53, 
"init_b1": 0.901, 
"GOF": 185.53230552016902, 
"init_opt_type": "2b2k", 
"init_k0": 2.8, 
"b0": 0.5218550194044088, 
"opt_type": "2b2k", 
"init_phi": 1.1, 
"init_beta_var": 0.995, 
"init_w_lo_beta": 0.252, 
"GOF_cons": 99.24702988560766, 
"init_w_lo_k": 0.793, 
"init_k1": 53.7, 
"w_lo_beta": 0.2539597790820829, 
"num_iters": 14, 
"init_L_": 6.1, 
"k1": 53.64651008827156, 
"k0": 4.7207020884212705, 
"term_stat": "CONVERGENCE: REL_REDUCTION_OF_F_<=_FACTR*EPSMCH", 
"GOF_search": 86.28527563456137, 
"L_": 6.060461164378874, 
"beta_var": 0.9951150000245118, 
"b1": 0.8988158617251637
}, 
"est_params_2d2k": {
"w_lo_k": 0.5903410675758056, 
"phi": 1.4004849694616193, 
"w_lo_delta": 0.17063544169570652, 
"init_w_lo_delta": 0.17, 
"GOF_search": 97.37794986664723, 
"GOF": 245.7343337677416, 
"init_d0": 0.6, 
"init_d1": 0.99, 
"opt_type": "2d2k", 
"init_phi": 1.4, 
"d0": 0.6003228419620343, 
"d1": 0.9893722055218809, 
"GOF_cons": 148.35638390109438, 
"init_w_lo_k": 0.59, 
"init_k1": 55, 
"init_k0": 4.5, 
"num_iters": 3, 
"init_L_": 7.8, 
"k1": 55.000079635193416, 
"k0": 4.497218660439348, 
"term_stat": "CONVERGENCE: REL_REDUCTION_OF_F_<=_FACTR*EPSMCH", 
"L_": 7.7938033392295, 
"init_opt_type": "2d2k"
}, 
"est_params_2b2k_fix_b1": {
"w_lo_k": 0.7006828384086101, 
"phi": 1.0698428293135167, 
"init_b0": 0.55, 
"init_b1": 1, 
"GOF": 217.8717179024973, 
"init_opt_type": "2b2k_fix_b1", 
"init_k0": 4.5, 
"b0": 0.5510253776661328, 
"opt_type": "2b2k_fix_b1", 
"init_phi": 1.07, 
"init_beta_var": 0.994, 
"init_w_lo_beta": 0.254, 
"GOF_cons": 139.01337478323313, 
"init_w_lo_k": 0.7, 
"init_k1": 50.0, 
"w_lo_beta": 0.2534209341440732, 
"num_iters": 3, 
"init_L_": 5.9, 
"k1": 50.02206299350232, 
"k0": 4.492016557149513, 
"term_stat": "CONVERGENCE: REL_REDUCTION_OF_F_<=_FACTR*EPSMCH", 
"GOF_search": 78.85834311926416, 
"L_": 5.913913927966767, 
"beta_var": 0.994022183629235, 
"b1": 1
}, 
"est_params_1b1k": {
"GOF_cons": 458.2879050576122, 
"term_stat": "CONVERGENCE: REL_REDUCTION_OF_F_<=_FACTR*EPSMCH", 
"phi": 1.5817564652446088, 
"num_iters": 8, 
"init_beta_hyp": 1.0, 
"init_L_": 4.3, 
"k": 30.02767295853545, 
"GOF": 663.2859728992994, 
"opt_type": "1b1k", 
"beta_hyp": 1.0, 
"init_opt_type": "1b1k", 
"init_phi": 1.6, 
"GOF_search": 204.99806784168715, 
"L_": 4.42787273995343, 
"init_k": 30, 
"beta_var": 0.9907301713667545, 
"init_beta_var": 0.99
}
}